Ano,Valor
1,0.03216841667485541
2,0.03172401452680737
3,0.031463878787236256
4,0.033859718495273826
5,0.0260693690046894
6,0.02402825766727835
7,0.021316263952717282
