Ano,Quartil 1,Mediana,Quartil 3,QuantidadeRepo
1,0.004,0.012679700005769252,0.026212693551603463,105
2,0.004877443751081734,0.012986147490609772,0.034272199926219035,56
3,0.0042924812503605785,0.013787034073732938,0.028587025728708658,54
4,0.004775373392691622,0.014048499161220685,0.02156378119121704,34
5,0.011623058338621813,0.024,0.05617778469408399,25
6,0.009,0.01383772647454919,0.021454172279163207,9
7,0.0006666666666666666,0.023162289433751926,0.027674117084629815,5
8,0.004350140735339927,0.008700281470679853,0.01305042220601978,2
