Ano,Valor
1,2.1748251748251746
2,2.0256410256410255
3,2.234375
4,2.0
5,2.0
6,1.8482142857142856
7,1.8557692307692308
