Ano,Valor,QuantidadeRepo
1,2.1748251748251746,278
2,2.0256410256410255,220
3,2.234375,134
4,2.0,85
5,2.0,36
6,1.8482142857142856,16
7,1.8557692307692308,4
