Ano,Quartil 1,Mediana,Quartil 3,QuantidadeRepo
1,0.5,1.2916666666666665,2.3076923076923075,105
2,0.9583333333333333,1.3321428571428573,2.423809523809524,56
3,0.6785714285714286,1.35,1.9553571428571428,54
4,0.625,1.151268115942029,1.9929511278195489,34
5,1.0793650793650793,2.1333333333333333,2.7272727272727275,25
6,1.0,1.5,2.1538461538461537,9
7,0.5,1.5,2.0,5
8,0.375,0.75,1.125,2
