Ano,Quartil 1,Mediana,Quartil 3,QuantidadeRepo
1,113.82894759353168,283.484425799034,1386.7534873966279,25
2,81.02039569498656,258.214586627774,906.0818950921614,25
3,68.53238859703687,421.0913300766958,902.0076878009329,25
4,42.793987519471216,403.21473941109025,1040.4779874220978,25
