Ano,Valor,QuantidadeRepo
1,232.82064647455832,278
2,190.0180778414686,220
3,234.94732165845738,134
4,235.34705035894024,85
5,174.20335965432704,36
6,151.32163334598573,16
7,113.13534379146648,4
