Ano,Valor
1,232.82064647455832
2,190.0180778414686
3,234.94732165845738
4,235.34705035894024
5,174.20335965432704
6,151.32163334598573
7,113.13534379146648
