Ano,Valor
1,65.72730028954845
2,65.42558356924846
3,64.62721591710275
4,64.8256290828566
5,66.8219503443874
6,67.23431192570418
7,68.22123218004424
