Ano,Quartil 1,Mediana,Quartil 3,QuantidadeRepo
1,60.39904028960852,65.97200580643863,75.42417966846843,105
2,58.97920581477969,65.27227393128177,75.7488387083073,56
3,59.853713116639256,66.13913846548164,77.7292205503714,54
4,61.34730721323711,70.17157512862869,77.29882745329887,34
5,57.08164336972633,66.6367906475351,73.39028411207093,25
6,61.67823912064123,68.6863221364232,82.40817804121869,9
7,68.28096774770412,73.10113131709564,100.0,5
8,70.23149706142226,80.1543313742815,90.07716568714075,2
