Ano,Quartil 1,Mediana,Quartil 3,QuantidadeRepo
1,58.76688189815243,64.48300318653611,68.57936581232968,25
2,60.22708977574921,63.987303531739876,69.11541398525509,25
3,59.84386852708875,66.65160401324236,68.7455343701114,25
4,60.096646710075746,66.162587762448,69.62080712816913,25
