Ano,Valor
1,60.83133098132521
2,61.78241437682653
3,60.312659451847
4,59.975643835549505
5,62.946907153122154
6,63.63338979184029
7,64.22359026704528
