Ano,Valor,QuantidadeRepo
1,60.83133098132521,278
2,61.78241437682653,220
3,60.312659451847,134
4,59.975643835549505,85
5,62.946907153122154,36
6,63.63338979184029,16
7,64.22359026704528,4
