Ano,Quartil 1,Mediana,Quartil 3,QuantidadeRepo
1,0.3869880158145604,2.7,11.417651789663473,105
2,0.7573517362914002,3.2966180533810965,13.344617040649995,56
3,0.5487468750600963,3.107512877544531,8.771599145371898,54
4,0.7417925896125638,3.3906786820695274,6.960439467934559,34
5,2.6666666666666665,7.468671876502409,28.8951051808205,25
6,1.6844129532345624,3.4594316186372978,8.469089531788608,9
7,0.05555555555555555,8.296408275258198,8.672905589393185,5
8,1.0765679125707215,2.153135825141443,3.2297037377121645,2
