Ano,Valor
1,12.934480359697684
2,10.55655988008159
3,13.05262898102541
4,13.074836131052235
5,9.677964425240392
6,8.40675740811032
7,6.2852968773036935
