Ano,Valor,QuantidadeRepo
1,12.934480359697684,278
2,10.55655988008159,220
3,13.05262898102541,134
4,13.074836131052235,85
5,9.677964425240392,36
6,8.40675740811032,16
7,6.2852968773036935,4
