nameWithOwner,totalLoc,totalSloc,cc,miMultiFalse,miMultiTrue,difficulty,effort,timeHas,bugs,totalFiles
asciinema/asciinema,1806.0,1316.0,0.0,59.026836073169754,59.15084251487704,1.5,102.79858289555531,5.7110323830864065,0.019534452978042596,28.0
beetbox/beets,46252.5,30207.0,0.0,61.43375618602753,63.668679608732916,2.1538461538461537,182.79363081286928,10.155201711826072,0.027484712505528867,166.0
benoitc/gunicorn,11588.0,7965.0,0.0,100.0,100.0,0.0,0.0,0.0,0.0,155.0
mesonbuild/meson,33961.0,24996.0,0.0,82.40817804121869,82.40817804121869,1.0,30.319433158222125,1.6844129532345624,0.009,309.0
mitmproxy/mitmproxy,54592.0,40593.0,0.0,61.67823912064123,66.84696586486011,1.5,57.09797930157744,3.172109961198747,0.01356271942704932,496.0
pydanny/cookiecutter-django,1775.5,1009.5,0.0,100.0,100.0,0.0,0.0,0.0,0.0,45.5
pymc-devs/pymc3,39214.0,23135.0,0.0,66.05690735177853,68.5895367955798,3.4615384615384617,771.9570940502174,42.88650522501208,0.07351972324287785,162.0
soimort/you-get,12371.0,9222.0,0.0,68.6863221364232,69.72344037767898,2.190909090909091,152.44361157219495,8.469089531788608,0.021454172279163207,140.0
spotify/luigi,54705.5,32453.0,0.0,71.20811159574815,70.87697293952996,1.5,62.26976913547136,3.4594316186372978,0.01383772647454919,254.5
