nameWithOwner,totalLoc,totalSloc,cc,miMultiFalse,miMultiTrue,difficulty,effort,timeHas,bugs
bitcraze/crazyflie-clients-python,13269.5,8592.5,2.0,64.67955369006206,65.2804061885562,3.4318181818181817,712.9154965088848,39.60641647271582,0.06396796230134563
nabla-c0d3/sslyze,10820.0,7537.0,2.0,67.09655096141556,71.16205817153228,1.25,42.793987519471216,2.377443751081734,0.012679700005769252
pyexcel/pyexcel,12707.0,8115.5,1.0,63.7676268440285,76.09998352459486,1.0,15.509775004326936,0.861654166907052,0.0058774437510817346
themix-project/oomox,7038.0,5830.0,2.0,54.922362803733904,54.922362803733904,2.4615384615384617,183.47670006346175,10.193150003525652,0.02995282789966531
